{
    "$schema": "https://schema.management.azure.com/schemas/2015-01-01/deploymentParameters.json#",
    "contentVersion": "1.0.0.0",
    "parameters": {
        "staticSites_ResumeWebApp_name": {
            "value": null
        },
        "vaults_vault992_name": {
            "value": null
        },
        "serverfarms_ASP_az104rg7_bce3_name": {
            "value": null
        },
        "staticSites_resume_static_app_name": {
            "value": null
        },
        "virtualNetworks_SecureVnet_name": {
            "value": null
        },
        "networkSecurityGroups_web_nsg_name": {
            "value": null
        },
        "publicIPAddresses_web_public_ip_name": {
            "value": null
        },
        "components_applicationinsightresume_name": {
            "value": null
        },
        "databaseAccounts_cosmosresumedb253_name": {
            "value": null
        },
        "publicIPAddresses_securevnet_firewall_name": {
            "value": null
        },
        "storageAccounts_teststorage1234account_name": {
            "value": null
        },
        "actionGroups_Application_Insights_Smart_Detection_name": {
            "value": null
        },
        "userAssignedIdentities_resume_visitor_a_id_8033_name": {
            "value": null
        },
        "frontdoorwebapplicationfirewallpolicies_resumewafpolicy_name": {
            "value": null
        },
        "systemTopics_teststorage1234account_e35b4510_1654_4da2_ad64_2d595407cc10_name": {
            "value": null
        },
        "workspaces_DefaultWorkspace_946a7ac9_bbf2_4db2_955b_cdbea9e6b243_EUS_externalid": {
            "value": null
        }
    }
}